task, num_class, num_instance, loss, acc1, acc5, accs, 
0, 10, 50, 2.2480917870998383, 78.8, 100.0, 0.895/0.84/0.745/0.87/0.865/0.43/0.775/1.0/0.945/0.415, 
1, 10, 100, 1.988804504275322, 78.2, 100.0, 0.465/0.975/0.975/0.645/0.865/0.835/0.925/1.0/0.52/0.615, 
2, 10, 150, 1.7622036933898926, 94.4, 99.95, 0.835/1.0/0.925/0.865/0.96/1.0/1.0/1.0/0.935/0.92, 
3, 10, 200, 1.7249847128987312, 97.45, 100.0, 0.925/1.0/0.975/0.89/1.0/1.0/1.0/1.0/0.975/0.98, 
